<?xml version="1.0" encoding="UTF-8"?>
<beans xmlns="http://www.springframework.org/schema/beans"
	xmlns:xsi="http://www.w3.org/2001/XMLSchema-instance" xmlns:c="http://www.springframework.org/schema/c"
	xmlns:context="http://www.springframework.org/schema/context" xmlns:p="http://www.springframework.org/schema/p"
	xsi:schemaLocation="http://www.springframework.org/schema/beans http://www.springframework.org/schema/beans/spring-beans.xsd
		http://www.springframework.org/schema/context http://www.springframework.org/schema/context/spring-context.xsd">


	<bean class="org.springframework.mail.javamail.JavaMailSenderImpl"
		id="javaMailSender">
		<property name="host" value="${mail.host}" />
		<property name="username" value="${mail.username}" />
		<property name="password" value="${mail.password}" />
		<property name="javaMailProperties">
			<props>
				<prop key="mail.smtp.auth">${mail.smtp.auth}</prop>
				<prop key="mail.smtp.port">${mail.smtp.port}</prop>
				<prop key="mail.smtp.host">${mail.host}</prop>
				<prop key="mail.smtp.starttls.enable">true</prop>
				<prop key="mail.smtp.debug">true</prop>
			</props>
		</property>
	</bean>

	<bean class="org.springframework.mail.javamail.JavaMailSenderImpl"
		id="alternateJavaMailSender">
		<property name="host" value="${mail.host1}" />
		<property name="username" value="${mail.username1}" />
		<property name="password" value="${mail.password1}" />
		<property name="javaMailProperties">
			<props>
				<prop key="mail.smtp.auth">${mail.smtp.auth1}</prop>
				<prop key="mail.smtp.port">${mail.smtp.port1}</prop>
				<prop key="mail.smtp.host">${mail.host1}</prop>
				<prop key="mail.smtp.starttls.enable">true</prop>
				<prop key="mail.smtp.debug">true</prop>
			</props>
		</property>
	</bean>

</beans>
