<?xml version='1.0' encoding='utf-8'?>
<!DOCTYPE hibernate-configuration PUBLIC
        "-//Hibernate/Hibernate Configuration DTD 3.0//EN"
        "http://www.hibernate.org/dtd/hibernate-configuration-3.0.dtd">
<hibernate-configuration>
	<session-factory>
		<property name="dialect">org.hibernate.dialect.MySQL5InnoDBDialect</property>
		<property name="show_sql">true</property>
		<property name="format_sql">true</property>
		<property name="hibernate.id.new_generator_mappings">false</property>

		<mapping class="com.sample.hib.model.user.User" />
		<mapping class="com.sample.hib.model.user.UserVerificationCode" />
		<mapping class="com.sample.hib.model.user.UserVerificationScope" />
	
		<mapping resource="named-query.hbm.xml" />

	</session-factory>
</hibernate-configuration>