<?xml version="1.0" encoding="UTF-8"?>
<beans xmlns="http://www.springframework.org/schema/beans"
	xmlns:xsi="http://www.w3.org/2001/XMLSchema-instance" xmlns:context="http://www.springframework.org/schema/context"
	xmlns:jee="http://www.springframework.org/schema/jee" xmlns:tx="http://www.springframework.org/schema/tx"
	xsi:schemaLocation="http://www.springframework.org/schema/beans http://www.springframework.org/schema/beans/spring-beans.xsd
      http://www.springframework.org/schema/context http://www.springframework.org/schema/context/spring-context.xsd
      http://www.springframework.org/schema/jee http://www.springframework.org/schema/jee/spring-jee.xsd
      http://www.springframework.org/schema/tx http://www.springframework.org/schema/tx/spring-tx.xsd">

	<jee:jndi-lookup id="dataSource" jndi-name="jdbc/tpoint"
		expected-type="javax.sql.DataSource" />

	<bean id="sessionFactory"
		class="org.springframework.orm.hibernate5.LocalSessionFactoryBean">
		<property name="dataSource" ref="dataSource" />
		<property name="configLocation" value="classpath:hibernate.cfg.xml" />
	</bean>

	<bean name="transactionManager"
		class="org.springframework.orm.hibernate5.HibernateTransactionManager">
		<property name="sessionFactory" ref="sessionFactory" />
	</bean>

	<bean id="persistenceExceptionTranslationPostProcessor"
		class="org.springframework.dao.annotation.PersistenceExceptionTranslationPostProcessor" />

	<tx:annotation-driven transaction-manager="transactionManager" />

	<context:component-scan base-package="com.sample.core.dao" />

</beans>