<?xml version="1.0" encoding="UTF-8"?>
<beans xmlns="http://www.springframework.org/schema/beans"
	xmlns:xsi="http://www.w3.org/2001/XMLSchema-instance" xmlns:aop="http://www.springframework.org/schema/aop"
	xmlns:c="http://www.springframework.org/schema/c" xmlns:context="http://www.springframework.org/schema/context"
	xmlns:p="http://www.springframework.org/schema/p" xmlns:tx="http://www.springframework.org/schema/tx"
	xmlns:util="http://www.springframework.org/schema/util" xmlns:task="http://www.springframework.org/schema/task"
	xmlns:cache="http://www.springframework.org/schema/cache"
	xsi:schemaLocation="http://www.springframework.org/schema/task http://www.springframework.org/schema/task/spring-task.xsd
		http://www.springframework.org/schema/cache http://www.springframework.org/schema/cache/spring-cache.xsd
		http://www.springframework.org/schema/beans http://www.springframework.org/schema/beans/spring-beans.xsd
		http://www.springframework.org/schema/context http://www.springframework.org/schema/context/spring-context.xsd
		http://www.springframework.org/schema/aop http://www.springframework.org/schema/aop/spring-aop.xsd
		http://www.springframework.org/schema/tx http://www.springframework.org/schema/tx/spring-tx.xsd
		http://www.springframework.org/schema/util http://www.springframework.org/schema/util/spring-util.xsd">

	<!-- <context:property-placeholder location="classpath:activeMQ/configActiveMQ_PP.properties, 
		classpath:mail/configMail_PP.properties" /> -->

	<!-- <import resource="classpath:activemq-broker-producer-consumer.xml" 
		/> <import resource="classpath:mail-config.xml" /> -->
		
		
	<import resource="classpath:security/security-config.xml" />
	<import resource="classpath:hibernate-config.xml" />

	<bean id="messageSource"
		class="org.springframework.context.support.ResourceBundleMessageSource">
		<property name="basenames">
			<list>
				<!-- <value>configMessages</value> <value>appMessages_en_GB</value> -->
			</list>
		</property>
	</bean>

       <!-- Changes -->
	 
	 <bean id="passwordEncoder" class="org.springframework.security.crypto.bcrypt.BCryptPasswordEncoder"> 
		<constructor-arg type="int" value="10" /> </bean> 

	<!-- Freemarker & templates -->
	<!-- Factory bean that creates a FreeMarker Configuration and provides it 
		as bean reference. This bean is intended for any kind of usage of FreeMarker 
		in application code, e.g. for generating email content. -->
	<!-- FreeMarker Configuration is the Main entry point into the FreeMarker 
		API, this class encapsulates the various configuration parameters with which 
		FreeMarker is run -->
	<!-- Turn preferFileSystemAccess off to always load via SpringTemplateLoader -->
	<bean id="freemarkerConfiguration"
		class="org.springframework.ui.freemarker.FreeMarkerConfigurationFactoryBean"
		p:preferFileSystemAccess="false" p:templateLoaderPath="classpath:/" />

	<!-- this is to start the org.springframework.scheduling.concurrent.ThreadPoolTaskScheduler 
		using task namesapce provided in spring 3 we can also use the task namespace 
		for taskExecutor -->
	<task:annotation-driven scheduler="taskScheduler" />
	<task:scheduler id="taskScheduler" pool-size="10" />

	<!-- <aop:aspectj-autoproxy /> -->

	<context:component-scan base-package="com.tpoint.service, com.tpoint.base" />
</beans>
